[
  {
    "id": "PL001",
    "name": "Plancha MDF 15mm",
    "category": "Planchas",
    "price": 368.95,
    "stock": 150,
    "image": "https://www.gardenstatelumber.com/wp-content/uploads/3-sheet-stock-birch-red-oak-ply.png",
    "description": "Plancha MDF de 15mm, ideal para mueblería"
  },
  {
    "id": "PL002",
    "name": "Plancha OSB 12mm",
    "category": "Planchas",
    "price": 329,
    "stock": 200,
    "image": "https://panelsandwich.ec/assets/libres/panel-sandwich-madera-friso-abeto.png",
    "description": "Plancha OSB resistente al agua"
  },
  {
    "id": "PL003",
    "name": "Plancha Melamina Blanca 18mm",
    "category": "Planchas",
    "price": 680,
    "stock": 80,
    "image": "https://www.gardenstatelumber.com/wp-content/uploads/5-sheet-stock-pvc.png",
    "description": "Melamina blanca de alta calidad"
  },
  {
    "id": "TO001",
    "name": "Tornillos Autorroscantes 4x40mm",
    "category": "Tornillería",
    "price": 12.5,
    "stock": 500,
    "image": "https://www.plazavea.com.pe/tornillo-shipboard-4x40-mm-x-100-unidades-65031/p",
    "description": "Caja x100 unidades"
  },
  {
    "id": "TO002",
    "name": "Tornillos Madera 6x60mm",
    "category": "Tornillería",
    "price": 18.75,
    "stock": 300,
    "image": "https://www.plazavea.com.pe/tornillo-shipboard-4x40-mm-x-100-unidades-65031/p",
    "description": "Tornillos galvanizados para madera"
  },
  {
    "id": "TO003",
    "name": "Tornillos Cabeza Plana 5x50mm",
    "category": "Tornillería",
    "price": 15.25,
    "stock": 400,
    "image": "https://www.plazavea.com.pe/tornillo-shipboard-4x40-mm-x-100-unidades-65031/p",
    "description": "Ideales para ensambles invisibles"
  },
  {
    "id": "HE001",
    "name": "Bisagras Piano 1.5m",
    "category": "Herrajes",
    "price": 25.8,
    "stock": 120,
    "image": "https://latinafy.com/fr/products/hafele-piano-hinge-nickel-plated-or-brass-1-5-meters",
    "description": "Bisagra continua de alta resistencia"
  },
  {
    "id": "HE002",
    "name": "Manijas Aluminio 128mm",
    "category": "Herrajes",
    "price": 8.9,
    "stock": 250,
    "image": "https://www.homecenter.com.co/homecenter-co/product/468828/manija-aluminio-lisa-en-arco-cc-128-mm/468828",
    "description": "Manijas modernas color aluminio"
  },
  {
    "id": "HE003",
    "name": "Correderas Telescópicas 45cm",
    "category": "Herrajes",
    "price": 35.6,
    "stock": 180,
    "image": "https://latinafy.com/fr/products/hafele-piano-hinge-nickel-plated-or-brass-1-5-meters",
    "description": "Correderas de cierre suave"
  },
  {
    "id": "HE004",
    "name": "Bisagras Cazoleta 35mm",
    "category": "Herrajes",
    "price": 4.25,
    "stock": 600,
    "image": "https://latinafy.com/fr/products/hafele-piano-hinge-nickel-plated-or-brass-1-5-meters",
    "description": "Bisagras estándar para puertas"
  },
  {
    "id": "AD001",
    "name": "Cola Blanca 1kg",
    "category": "Adhesivos",
    "price": 12.3,
    "stock": 90,
    "image": "https://www.plazavea.com.pe/tornillo-shipboard-4x40-mm-x-100-unidades-65031/p",
    "description": "Adhesivo PVA de secado rápido"
  },
  {
    "id": "AD002",
    "name": "Silicona Transparente",
    "category": "Adhesivos",
    "price": 6.75,
    "stock": 200,
    "image": "https://www.plazavea.com.pe/tornillo-shipboard-4x40-mm-x-100-unidades-65031/p",
    "description": "Tubo de 280ml"
  },
  {
    "id": "HE005",
    "name": "Patas Regulables Cromadas",
    "category": "Herrajes",
    "price": 22.4,
    "stock": 160,
    "image": "https://latinafy.com/fr/products/hafele-piano-hinge-nickel-plated-or-brass-1-5-meters",
    "description": "Set de 4 patas ajustables"
  },
  {
    "id": "AC001",
    "name": "Cantos PVC Blanco 22mm",
    "category": "Accesorios",
    "price": 3.8,
    "stock": 300,
    "image": "https://www.plazavea.com.pe/tornillo-shipboard-4x40-mm-x-100-unidades-65031/p",
    "description": "Rollo de 50 metros"
  },
  {
    "id": "AC002",
    "name": "Tacos Fischer 8mm",
    "category": "Accesorios",
    "price": 0.15,
    "stock": 2000,
    "image": "https://www.plazavea.com.pe/tornillo-shipboard-4x40-mm-x-100-unidades-65031/p",
    "description": "Tacos de expansión universales"
  },
  {
    "id": "HE006",
    "name": "Cerradura Cilíndrica",
    "category": "Herrajes",
    "price": 45.9,
    "stock": 75,
    "image": "https://latinafy.com/fr/products/hafele-piano-hinge-nickel-plated-or-brass-1-5-meters",
    "description": "Cerradura de seguridad con 3 llaves"
  },
  {
    "id": "PL004",
    "name": "Plancha Triplex 9mm",
    "category": "Planchas",
    "price": 28.6,
    "stock": 120,
    "image": "https://www.gardenstatelumber.com/wp-content/uploads/3-sheet-stock-birch-red-oak-ply.png",
    "description": "Contrachapado de pino"
  },
  {
    "id": "HE007",
    "name": "Ruedas Giratorias con Freno",
    "category": "Herrajes",
    "price": 18.5,
    "stock": 140,
    "image": "https://latinafy.com/fr/products/hafele-piano-hinge-nickel-plated-or-brass-1-5-meters",
    "description": "Set de 4 ruedas de 50mm"
  },
  {
    "id": "AC003",
    "name": "Lija Grano 120",
    "category": "Accesorios",
    "price": 2.25,
    "stock": 400,
    "image": "https://i.pinimg.com/736x/a2/9f/17/a29f1794147fa2ed07c56e66b79b418c.jpg",
    "description": "Pliego de lija para madera"
  },
  {
    "id": "HE008",
    "name": "Tirador Barra Inox 300mm",
    "category": "Herrajes",
    "price": 28.9,
    "stock": 95,
    "image": "https://www.homecenter.com.co/homecenter-co/product/468828/manija-aluminio-lisa-en-arco-cc-128-mm/468828",
    "description": "Tirador de acero inoxidable"
  }
]